<?xml version="1.0" ?>
<launch xmlns:xs="http://www.w3.org/2001/XMLSchema" xmlns:xsi="http://www.w3.org/2001/XMLSchema-instance"
        xsi:noNamespaceSchemaLocation="https://gist.githubusercontent.com/nalt/dfa2abc9d2e3ae4feb82ca5608090387/raw/roslaunch.xsd">
    <!-- Arguments -->
   <!-- <arg name="log_level" default="INFO" />-->

    <arg name="hardware_version" default="ned2"/>
    <arg name="simulation_mode" default="false" />
    <arg name="log_level" default="INFO"/>


    <include file="$(find niryo_robot_sound)/launch/sound_interface.launch">
        <arg name="hardware_version" value="$(arg hardware_version)"/>
        <arg name="simulation_mode" value="$(arg simulation_mode)"/>
        <arg name="log_level" value="$(arg log_level)"/>
    </include>

    <include file="$(find niryo_robot_led_ring)/launch/led_ring_commander.launch">
        <arg name="hardware_version" value="$(arg hardware_version)"/>
        <arg name="simulation_mode" value="$(arg simulation_mode)"/>v
        <arg name="log_level" value="$(arg log_level)"/>
    </include>


</launch>
