<?xml version="1.0" ?>
<launch xmlns:xs="http://www.w3.org/2001/XMLSchema" xmlns:xsi="http://www.w3.org/2001/XMLSchema-instance"
        xsi:noNamespaceSchemaLocation="https://gist.githubusercontent.com/nalt/dfa2abc9d2e3ae4feb82ca5608090387/raw/roslaunch.xsd">
    <!-- Arguments -->
    <arg name="log_level" default="INFO" />
    <arg name="hardware_version" default="ned"/>
    <arg name="debug" default="false"/>
    <arg name="can_enabled" default="true"/>
    <arg name="ttl_enabled" default="true"/>
    <arg name="vision_enabled" default="true" />
    <arg name="gazebo" default="false" />
    <arg name="simulation_mode" default="false" />
    <arg name="database" default="false" />
    <arg name="simu_gripper" default="true" />
    <arg name="simu_conveyor" default="true" />
    <arg name="conf_location" default="$(env HOME)/niryo_robot_saved_files/niryo_robot_versions/version.txt"/>
    <!-- removed by gerard
    <arg name="urdf_path" value="urdf/$(arg hardware_version)/without_mesh_niryo_$(arg hardware_version).urdf.xacro" unless="$(eval simulation_mode)" />
    -->

    <!-- Added by gerard -->
    <arg name="urdf_path" value="$(find my_niryo_robot_description)/urdf/$(arg hardware_version)/niryo_$(arg hardware_version)_robot.urdf.xacro" unless="$(eval simulation_mode)" />

    <!-- removed by gerard
    <arg name="urdf_path" value="urdf/$(arg hardware_version)/niryo_$(arg hardware_version).urdf.xacro" if="$(eval simulation_mode and not gazebo)"/>

    <arg name="urdf_path" value="urdf/$(arg hardware_version)/niryo_$(arg hardware_version)_gripper1_n_camera.urdf.xacro" if="$(eval simulation_mode and gazebo and simu_gripper)"/>
    <arg name="urdf_path" value="urdf/$(arg hardware_version)/niryo_$(arg hardware_version)_gazebo.urdf.xacro" if="$(eval simulation_mode and gazebo and not simu_gripper)"/>
    -->

    <!-- Load URDF -->
    <!-- removed by gerard
    <param name="robot_description"
           command="$(find xacro)/xacro -(2x straapje )inorder $(find my_niryo_robot_description)/$(arg urdf_path)" />
    -->
    <!-- Added by gerard -->
   <param name="robot_description" command="$(find xacro)/xacro  --inorder $(arg urdf_path)"/>

   <!-- removed by gerard
    <param name="robot_description_tf2"
           command="$(find xacro)/xacro -(2x straapje )inorder $(find my_niryo_robot_description)/urdf/$(arg hardware_version)/niryo_$(arg hardware_version).urdf.xacro" />
   -->
   <!-- added by gerard -->
   <param name="robot_description_tf2" command="$(find xacro)/xacro  --inorder $(arg urdf_path)"/>

   <!-- added by gerard Launch Robot state publisher -->
   <!--
   <node name="robot_state_publisher" pkg="robot_state_publisher" type="robot_state_publisher" output="screen" />
 -->
   <!--
   <node name="joint_state_publisher" pkg="joint_state_publisher" type="joint_state_publisher" output="screen"/>
   -->


    <!-- PARAMS -->
    <group ns="niryo_robot">
        <group ns="info" unless="$(arg simulation_mode)">
            <param name="image_version" type="string" textfile="$(arg conf_location)"/>
        </group>

        <group ns="robot_state">
            <param name="rate_publish_state" type="double" value="5.0"/>
        </group>
    </group>

    <!-- Including shared params & nodes -->
    <include file="$(find my_niryo_robot_bringup)/launch/niryo_robot_base_common.launch.xml">
        <arg name="hardware_version" value="$(arg hardware_version)" />
        <arg name="simulation_mode" value="$(arg simulation_mode)" />
        <arg name="simu_gripper" value="$(arg simu_gripper)" />
        <arg name="simu_conveyor" value="$(arg simu_conveyor)" />
        <arg name="log_level" value="$(arg log_level)" />
        <arg name="debug" value="$(arg debug)"/>
        <arg name="can_enabled" value="$(arg can_enabled)"/>
        <arg name="ttl_enabled" value="$(arg ttl_enabled)"/>
        <arg name="gazebo" value="$(arg gazebo)" />
    </include>

    <!--   Rpi node (IO / fan / ...)   -->
    <!-- Raspberry pi -->
    <include file="$(find niryo_robot_rpi)/launch/rpi.launch">
        <arg name="hardware_version" value="$(arg hardware_version)"/>
        <arg name="simulation_mode" value="$(arg simulation_mode)"/>
        <arg name="log_level" value="$(arg log_level)" />
    </include>

    <!-- Launching vision node -->
    <include file="$(find niryo_robot_vision)/launch/vision_node.launch" if="$(arg vision_enabled)">
        <arg name="log_level" value="$(arg log_level)" />
        <arg name="hardware_version" value="$(arg hardware_version)" />
        <arg name="simulation_mode" value="$(arg simulation_mode)"/>
    </include>

    <include file="$(find niryo_robot_system_api_client)/launch/system_api_client.launch">
        <arg name="log_level" value="$(arg log_level)" />
        <arg name="hardware_version" value="$(arg hardware_version)" />
    </include>

    <group if="$(eval hardware_version != 'one' and database)">
        <include file="$(find niryo_robot_database)/launch/database.launch"/>

        <include file="$(find niryo_robot_reports)/launch/reports.launch">
            <arg name="log_level" value="$(arg log_level)" />
        </include>
    </group>

</launch>
